{
  "n_profiles": 8,
  "score_metrics": {
    "mean_real_score": 54.598244745894306,
    "mean_synthetic_score": 67.23750000000001,
    "score_bias": 12.639255254105697,
    "score_mae": 12.639255254105697,
    "score_rmse": 13.659902078763164,
    "dispersion_ratio": 0.6329010706943011,
    "pearson": 0.43281610003899296,
    "spearman": 0.5000000000000001
  },
  "item_metrics": {
    "left_right": {
      "mae": 0.05046961753207994,
      "bias": 0.0010598451462194777,
      "pearson": -0.765127402758377,
      "spearman": -0.5476190476190477
    },
    "trust_people": {
      "mae": 0.22601634848675728,
      "bias": 0.22601634848675728,
      "pearson": 0.6773249906722335,
      "spearman": 0.5714285714285715
    },
    "immigration_same_ethnicity": {
      "mae": 0.15210146399019414,
      "bias": 0.15210146399019414,
      "pearson": 0.36292748750121206,
      "spearman": 0.5000000000000001
    }
  },
  "pca_metrics": {
    "explained_variance_pc1_proxy": 0.6461462761743932,
    "real_pc1": [
      1.7802554618741147,
      1.3057217617371784,
      1.3261710608674582,
      -0.8583854483612333,
      0.4203971889505267,
      -1.0560236808055685,
      -0.8891479857619051,
      -2.028988358500577
    ],
    "synthetic_pc1": [
      -1.9507856448310879,
      -1.546121088768441,
      -3.5381631216642004,
      -2.8233293150324443,
      -4.012412738357892,
      -3.437249176601244,
      -2.1787374730937796,
      -3.6241962886501735
    ],
    "pc1_pearson": 0.394351386333664,
    "pc1_spearman": 0.38095238095238104,
    "pc1_bias": -2.888874355874907
  },
  "affine_recalibration": {
    "slope": 0.6838605906673341,
    "intercept": 8.61716828089942,
    "mae_after": 4.7443347533492375,
    "bias_after": -7.105427357601002e-15
  },
  "variance_scaling": {
    "scale": 1.5800257675389713,
    "real_mean": 54.598244745894306,
    "synthetic_mean": 67.23750000000001,
    "mae_after": 4.979877622439268,
    "bias_after": -1.5987211554602254e-14
  }
}