profile_id,leaf_id,n_real,real_score_0_100,real_left_right,real_trust_people,real_immigration_same_ethnicity,n_synthetic,left_right,trust_people,immigration_same_ethnicity,synthetic_score_0_100,score_diff,abs_score_diff,diff_left_right,diff_trust_people,diff_immigration_same_ethnicity
P01,3,34,46.764705882352935,0.4852941176470588,0.44705882352941173,0.47058823529411764,10,0.44800000000000006,0.726,0.7230000000000001,63.23333333333333,16.468627450980392,16.468627450980392,-0.037294117647058755,0.27894117647058825,0.25241176470588245
P02,4,33,48.82154882154882,0.47878787878787876,0.46060606060606063,0.5252525252525252,10,0.421,0.719,0.709,61.633333333333326,12.81178451178451,12.81178451178451,-0.05778787878787878,0.25839393939393934,0.18374747474747477
P03,6,54,49.11522633744856,0.4333333333333333,0.5462962962962963,0.49382716049382724,10,0.514,0.8400000000000001,0.742,69.86666666666666,20.7514403292181,20.7514403292181,0.08066666666666672,0.2937037037037038,0.24817283950617275
P04,7,55,58.181818181818166,0.5018181818181818,0.6254545454545453,0.618181818181818,10,0.46900000000000003,0.8140000000000001,0.727,67.0,8.818181818181834,8.818181818181834,-0.0328181818181818,0.1885454545454548,0.10881818181818192
P05,10,58,53.08429118773946,0.4258620689655173,0.603448275862069,0.5632183908045977,10,0.524,0.8460000000000001,0.7849999999999999,71.83333333333334,18.749042145593883,18.749042145593883,0.0981379310344827,0.24255172413793114,0.22178160919540224
P06,11,62,59.08602150537633,0.48064516129032253,0.6145161290322579,0.6774193548387095,10,0.45099999999999996,0.8939999999999999,0.75,69.83333333333333,10.747311827956999,10.747311827956999,-0.029645161290322575,0.27948387096774197,0.07258064516129048
P07,13,128,58.29861111111111,0.49609375,0.6070312499999999,0.6458333333333334,10,0.45600000000000007,0.746,0.724,64.2,5.901388888888896,5.901388888888896,-0.04009374999999993,0.13896875000000009,0.0781666666666666
P08,14,166,63.433734939759034,0.47168674698795177,0.7144578313253012,0.7168674698795181,10,0.499,0.842,0.768,70.3,6.866265060240963,6.866265060240963,0.027313253012048233,0.1275421686746988,0.05113253012048191
