profile_id,n_synthetic,left_right,trust_people,immigration_same_ethnicity,synthetic_score_0_100
P01,10,0.44800000000000006,0.726,0.7230000000000001,63.23333333333333
P02,10,0.421,0.719,0.709,61.633333333333326
P03,10,0.514,0.8400000000000001,0.742,69.86666666666666
P04,10,0.46900000000000003,0.8140000000000001,0.727,67.0
P05,10,0.524,0.8460000000000001,0.7849999999999999,71.83333333333334
P06,10,0.45099999999999996,0.8939999999999999,0.75,69.83333333333333
P07,10,0.45600000000000007,0.746,0.724,64.2
P08,10,0.499,0.842,0.768,70.3
