{
  "n_profiles": 8,
  "score_metrics": {
    "mean_real_score": 54.598244745894306,
    "mean_synthetic_score": 61.791666666666664,
    "score_bias": 7.193421920772366,
    "score_mae": 7.8851889890454565,
    "score_rmse": 9.482683389893284,
    "dispersion_ratio": 0.3100473307240617,
    "pearson": -0.18806836612473296,
    "spearman": -0.03592878785739777
  },
  "item_metrics": {
    "left_right": {
      "mae": 0.14044015485378056,
      "bias": -0.14044015485378056,
      "pearson": 0.16652759378126744,
      "spearman": 0.4096682888050979
    },
    "trust_people": {
      "mae": 0.2188913484867573,
      "bias": 0.2188913484867573,
      "pearson": 0.6068229879986173,
      "spearman": 0.4910267673844361
    },
    "immigration_same_ethnicity": {
      "mae": 0.14156833146007367,
      "bias": 0.13735146399019413,
      "pearson": -0.1834050240529271,
      "spearman": -0.09759000729485333
    }
  },
  "pca_metrics": {
    "explained_variance_pc1_proxy": 0.6461462761743932,
    "real_pc1": [
      1.7802554618741147,
      1.3057217617371784,
      1.3261710608674582,
      -0.8583854483612333,
      0.4203971889505267,
      -1.0560236808055685,
      -0.8891479857619051,
      -2.028988358500577
    ],
    "synthetic_pc1": [
      -0.9974495343357979,
      -1.5782128342134873,
      -2.222836998201723,
      -1.6519318753978358,
      -1.5826935411990188,
      -1.3208867876313588,
      -1.1457843798072367,
      -1.1085183231474307
    ],
    "pc1_pearson": -0.3538656333362162,
    "pc1_spearman": -0.2142857142857143,
    "pc1_bias": -1.4510392842417354
  },
  "affine_recalibration": {
    "slope": -0.6065795363744366,
    "intercept": 92.0798052643647,
    "mae_after": 4.873786067783573,
    "bias_after": -3.552713678800501e-15
  },
  "variance_scaling": {
    "scale": 3.225314011459714,
    "real_mean": 54.598244745894306,
    "synthetic_mean": 61.791666666666664,
    "mae_after": 6.653910130865168,
    "bias_after": 1.3322676295501878e-14
  }
}