profile_id,leaf_id,n_real,real_score_0_100,real_left_right,real_trust_people,real_immigration_same_ethnicity,n_synthetic,left_right,trust_people,immigration_same_ethnicity,synthetic_score_0_100,score_diff,abs_score_diff,diff_left_right,diff_trust_people,diff_immigration_same_ethnicity
P01,3,34,46.764705882352935,0.4852941176470588,0.44705882352941173,0.47058823529411764,10,0.4,0.6799999999999999,0.7,59.333333333333336,12.5686274509804,12.5686274509804,-0.0852941176470588,0.2329411764705882,0.22941176470588232
P02,4,33,48.82154882154882,0.47878787878787876,0.46060606060606063,0.5252525252525252,10,0.36,0.7,0.8,62.0,13.178451178451184,13.178451178451184,-0.11878787878787878,0.23939393939393933,0.27474747474747485
P03,6,54,49.11522633744856,0.4333333333333333,0.5462962962962963,0.49382716049382724,10,0.31,0.89,0.76,65.33333333333333,16.218106995884767,16.218106995884767,-0.1233333333333333,0.34370370370370373,0.26617283950617276
P04,7,55,58.181818181818166,0.5018181818181818,0.6254545454545453,0.618181818181818,10,0.35,0.85,0.6799999999999999,62.66666666666666,4.4848484848484915,4.4848484848484915,-0.15181818181818185,0.22454545454545471,0.06181818181818188
P05,10,58,53.08429118773946,0.4258620689655173,0.603448275862069,0.5632183908045977,10,0.35,0.8300000000000001,0.69,62.33333333333334,9.249042145593883,9.249042145593883,-0.07586206896551734,0.22655172413793112,0.12678160919540227
P06,11,62,59.08602150537633,0.48064516129032253,0.6145161290322579,0.6774193548387095,10,0.2,0.8800000000000001,0.78,62.0,2.91397849462367,2.91397849462367,-0.2806451612903225,0.2654838709677422,0.1025806451612905
P07,13,128,58.29861111111111,0.49609375,0.6070312499999999,0.6458333333333334,10,0.4,0.7,0.7,60.0,1.7013888888888928,1.7013888888888928,-0.09609374999999998,0.09296875000000004,0.054166666666666585
P08,14,166,63.433734939759034,0.47168674698795177,0.7144578313253012,0.7168674698795181,10,0.27999999999999997,0.8400000000000001,0.7,60.66666666666667,-2.767068273092363,2.767068273092363,-0.1916867469879518,0.12554216867469892,-0.01686746987951815
