profile_id,n_synthetic,left_right,trust_people,immigration_same_ethnicity,synthetic_score_0_100
P01,10,0.4,0.6799999999999999,0.7,59.333333333333336
P02,10,0.36,0.7,0.8,62.0
P03,10,0.31,0.89,0.76,65.33333333333333
P04,10,0.35,0.85,0.6799999999999999,62.66666666666666
P05,10,0.35,0.8300000000000001,0.69,62.33333333333334
P06,10,0.2,0.8800000000000001,0.78,62.0
P07,10,0.4,0.7,0.7,60.0
P08,10,0.27999999999999997,0.8400000000000001,0.7,60.66666666666667
