{
  "n_profiles": 8,
  "score_metrics": {
    "mean_real_score": 54.598244745894306,
    "mean_synthetic_score": 65.98333333333333,
    "score_bias": 11.385088587439034,
    "score_mae": 11.385088587439034,
    "score_rmse": 12.367162603218619,
    "dispersion_ratio": 0.6187698083197974,
    "pearson": 0.518654754513723,
    "spearman": 0.523809523809524
  },
  "item_metrics": {
    "left_right": {
      "mae": 0.06871961753207995,
      "bias": -0.04594015485378054,
      "pearson": -0.6752859231775784,
      "spearman": -0.7142857142857144
    },
    "trust_people": {
      "mae": 0.23176634848675726,
      "bias": 0.23176634848675726,
      "pearson": 0.7343090555295467,
      "spearman": 0.5952380952380953
    },
    "immigration_same_ethnicity": {
      "mae": 0.15572646399019419,
      "bias": 0.15572646399019419,
      "pearson": 0.19946163756000276,
      "spearman": 0.04761904761904763
    }
  },
  "pca_metrics": {
    "explained_variance_pc1_proxy": 0.6461462761743932,
    "real_pc1": [
      1.7802554618741147,
      1.3057217617371784,
      1.3261710608674582,
      -0.8583854483612333,
      0.4203971889505267,
      -1.0560236808055685,
      -0.8891479857619051,
      -2.028988358500577
    ],
    "synthetic_pc1": [
      -1.691261241604702,
      -1.171427308155176,
      -2.831587073373237,
      -2.228276191338486,
      -3.8245925943800763,
      -2.4711461899651743,
      -2.547285558968472,
      -3.545724128281232
    ],
    "pc1_pearson": 0.47456289325919376,
    "pc1_spearman": 0.38095238095238104,
    "pc1_bias": -2.538912535758319
  },
  "affine_recalibration": {
    "slope": 0.8382030725158908,
    "intercept": -0.7091879889458852,
    "mae_after": 4.509179333026342,
    "bias_after": 8.881784197001252e-15
  },
  "variance_scaling": {
    "scale": 1.6161098789150556,
    "real_mean": 54.598244745894306,
    "synthetic_mean": 65.98333333333333,
    "mae_after": 4.859105996262466,
    "bias_after": 5.329070518200751e-15
  }
}