profile_id,leaf_id,n_real,real_score_0_100,real_left_right,real_trust_people,real_immigration_same_ethnicity,n_synthetic,left_right,trust_people,immigration_same_ethnicity,synthetic_score_0_100,score_diff,abs_score_diff,diff_left_right,diff_trust_people,diff_immigration_same_ethnicity
P01,3,34,46.764705882352935,0.4852941176470588,0.44705882352941173,0.47058823529411764,10,0.403,0.7070000000000001,0.759,62.30000000000001,15.535294117647076,15.535294117647076,-0.0822941176470588,0.25994117647058834,0.28841176470588237
P02,4,33,48.82154882154882,0.47878787878787876,0.46060606060606063,0.5252525252525252,10,0.414,0.71,0.678,60.06666666666667,11.245117845117854,11.245117845117854,-0.06478787878787878,0.24939393939393933,0.15274747474747485
P03,6,54,49.11522633744856,0.4333333333333333,0.5462962962962963,0.49382716049382724,10,0.45099999999999996,0.8390000000000001,0.725,67.16666666666667,18.05144032921811,18.05144032921811,0.017666666666666664,0.2927037037037038,0.23117283950617273
P04,7,55,58.181818181818166,0.5018181818181818,0.6254545454545453,0.618181818181818,10,0.41,0.836,0.6980000000000001,64.8,6.6181818181818315,6.6181818181818315,-0.09181818181818185,0.2105454545454547,0.07981818181818201
P05,10,58,53.08429118773946,0.4258620689655173,0.603448275862069,0.5632183908045977,10,0.47800000000000004,0.8879999999999999,0.774,71.33333333333333,18.24904214559387,18.24904214559387,0.05213793103448272,0.28455172413793095,0.21078160919540234
P06,11,62,59.08602150537633,0.48064516129032253,0.6145161290322579,0.6774193548387095,10,0.373,0.89,0.72,66.1,7.0139784946236645,7.0139784946236645,-0.10764516129032253,0.2754838709677421,0.042580645161290454
P07,13,128,58.29861111111111,0.49609375,0.6070312499999999,0.6458333333333334,10,0.384,0.743,0.8550000000000001,66.06666666666668,7.76805555555557,7.76805555555557,-0.11209374999999999,0.13596875000000008,0.20916666666666672
P08,14,166,63.433734939759034,0.47168674698795177,0.7144578313253012,0.7168674698795181,10,0.493,0.86,0.748,70.03333333333333,6.599598393574297,6.599598393574297,0.021313253012048228,0.14554216867469882,0.031132530120481894
