profile_id,n_synthetic,left_right,trust_people,immigration_same_ethnicity,synthetic_score_0_100
P01,10,0.403,0.7070000000000001,0.759,62.30000000000001
P02,10,0.414,0.71,0.678,60.06666666666667
P03,10,0.45099999999999996,0.8390000000000001,0.725,67.16666666666667
P04,10,0.41,0.836,0.6980000000000001,64.8
P05,10,0.47800000000000004,0.8879999999999999,0.774,71.33333333333333
P06,10,0.373,0.89,0.72,66.1
P07,10,0.384,0.743,0.8550000000000001,66.06666666666668
P08,10,0.493,0.86,0.748,70.03333333333333
