{
  "n_profiles": 8,
  "score_metrics": {
    "mean_real_score": 54.598244745894306,
    "mean_synthetic_score": 65.90416666666667,
    "score_bias": 11.305921920772366,
    "score_mae": 11.305921920772366,
    "score_rmse": 12.309222467334145,
    "dispersion_ratio": 0.46972011068852404,
    "pearson": 0.4981372941443638,
    "spearman": 0.5952380952380953
  },
  "item_metrics": {
    "left_right": {
      "mae": 0.06384461753207994,
      "bias": -0.032565154853780545,
      "pearson": -0.6136423473840902,
      "spearman": -0.6190476190476191
    },
    "trust_people": {
      "mae": 0.22489134848675726,
      "bias": 0.22489134848675726,
      "pearson": 0.6594768281523312,
      "spearman": 0.4047619047619048
    },
    "immigration_same_ethnicity": {
      "mae": 0.14685146399019416,
      "bias": 0.14685146399019416,
      "pearson": 0.2817202463856962,
      "spearman": 0.2380952380952381
    }
  },
  "pca_metrics": {
    "explained_variance_pc1_proxy": 0.6461462761743932,
    "real_pc1": [
      1.7802554618741147,
      1.3057217617371784,
      1.3261710608674582,
      -0.8583854483612333,
      0.4203971889505267,
      -1.0560236808055685,
      -0.8891479857619051,
      -2.028988358500577
    ],
    "synthetic_pc1": [
      -1.985005495287103,
      -1.5312196565979417,
      -2.9177260378222583,
      -2.2073431512451855,
      -3.2893905017900016,
      -2.3004700605814437,
      -2.5087826995661504,
      -3.560942189100296
    ],
    "pc1_pearson": 0.451535625199109,
    "pc1_spearman": 0.4761904761904762,
    "pc1_bias": -2.5376099739987965
  },
  "affine_recalibration": {
    "slope": 1.0604981196444525,
    "intercept": -15.2930000808403,
    "mae_after": 4.5994589179737035,
    "bias_after": 2.6645352591003757e-15
  },
  "variance_scaling": {
    "scale": 2.1289273702464695,
    "real_mean": 54.598244745894306,
    "synthetic_mean": 65.90416666666667,
    "mae_after": 4.913909482173004,
    "bias_after": 1.7763568394002505e-15
  }
}