profile_id,leaf_id,n_real,real_score_0_100,real_left_right,real_trust_people,real_immigration_same_ethnicity,n_synthetic,left_right,trust_people,immigration_same_ethnicity,synthetic_score_0_100,score_diff,abs_score_diff,diff_left_right,diff_trust_people,diff_immigration_same_ethnicity
P01,3,34,46.764705882352935,0.4852941176470588,0.44705882352941173,0.47058823529411764,10,0.41899999999999993,0.739,0.748,63.53333333333333,16.768627450980397,16.768627450980397,-0.06629411764705889,0.29194117647058826,0.27741176470588236
P02,4,33,48.82154882154882,0.47878787878787876,0.46060606060606063,0.5252525252525252,10,0.42000000000000004,0.7150000000000001,0.712,61.56666666666667,12.745117845117854,12.745117845117854,-0.05878787878787872,0.25439393939393945,0.18674747474747477
P03,6,54,49.11522633744856,0.4333333333333333,0.5462962962962963,0.49382716049382724,10,0.45999999999999996,0.86,0.7060000000000001,67.53333333333332,18.418106995884756,18.418106995884756,0.026666666666666672,0.3137037037037037,0.21217283950617283
P04,7,55,58.181818181818166,0.5018181818181818,0.6254545454545453,0.618181818181818,10,0.438,0.826,0.673,64.56666666666668,6.384848484848511,6.384848484848511,-0.06381818181818183,0.2005454545454547,0.05481818181818199
P05,10,58,53.08429118773946,0.4258620689655173,0.603448275862069,0.5632183908045977,10,0.497,0.843,0.7270000000000001,68.9,15.815708812260546,15.815708812260546,0.07113793103448268,0.23955172413793102,0.1637816091954024
P06,11,62,59.08602150537633,0.48064516129032253,0.6145161290322579,0.6774193548387095,10,0.372,0.849,0.738,65.3,6.213978494623667,6.213978494623667,-0.10864516129032253,0.23448387096774204,0.06058064516129047
P07,13,128,58.29861111111111,0.49609375,0.6070312499999999,0.6458333333333334,10,0.40800000000000003,0.728,0.837,65.76666666666668,7.468055555555573,7.468055555555573,-0.08809374999999997,0.12096875000000007,0.1911666666666666
P08,14,166,63.433734939759034,0.47168674698795177,0.7144578313253012,0.7168674698795181,10,0.499,0.858,0.745,70.06666666666666,6.6329317269076284,6.6329317269076284,0.027313253012048233,0.14354216867469882,0.02813253012048189
