profile_id,n_synthetic,left_right,trust_people,immigration_same_ethnicity,synthetic_score_0_100
P01,10,0.41899999999999993,0.739,0.748,63.53333333333333
P02,10,0.42000000000000004,0.7150000000000001,0.712,61.56666666666667
P03,10,0.45999999999999996,0.86,0.7060000000000001,67.53333333333332
P04,10,0.438,0.826,0.673,64.56666666666668
P05,10,0.497,0.843,0.7270000000000001,68.9
P06,10,0.372,0.849,0.738,65.3
P07,10,0.40800000000000003,0.728,0.837,65.76666666666668
P08,10,0.499,0.858,0.745,70.06666666666666
