{
  "n_profiles": 8,
  "score_metrics": {
    "mean_real_score": 54.598244745894306,
    "mean_synthetic_score": 69.15416666666667,
    "score_bias": 14.555921920772366,
    "score_mae": 14.555921920772366,
    "score_rmse": 15.27824501554096,
    "dispersion_ratio": 0.6882869973707733,
    "pearson": 0.5732749346600581,
    "spearman": 0.6904761904761906
  },
  "item_metrics": {
    "left_right": {
      "mae": 0.053031812057984205,
      "bias": 0.03743484514621948,
      "pearson": -0.5447055784738367,
      "spearman": -0.6190476190476191
    },
    "trust_people": {
      "mae": 0.22351634848675722,
      "bias": 0.22351634848675722,
      "pearson": 0.6749105970262372,
      "spearman": 0.5714285714285715
    },
    "immigration_same_ethnicity": {
      "mae": 0.17572646399019415,
      "bias": 0.17572646399019415,
      "pearson": 0.4426071187400108,
      "spearman": 0.5476190476190477
    }
  },
  "pca_metrics": {
    "explained_variance_pc1_proxy": 0.6461462761743932,
    "real_pc1": [
      1.7802554618741147,
      1.3057217617371784,
      1.3261710608674582,
      -0.8583854483612333,
      0.4203971889505267,
      -1.0560236808055685,
      -0.8891479857619051,
      -2.028988358500577
    ],
    "synthetic_pc1": [
      -2.0214924184162264,
      -2.038733324079912,
      -4.072887583068756,
      -3.1944880478530258,
      -4.232210687664839,
      -4.139731318444503,
      -2.9523326934810132,
      -4.414062180849788
    ],
    "pc1_pearson": 0.5503865122687899,
    "pc1_spearman": 0.6428571428571429,
    "pc1_bias": -3.383242281732257
  },
  "affine_recalibration": {
    "slope": 0.8329010090993201,
    "intercept": -3.0003304541949234,
    "mae_after": 4.114145848118954,
    "bias_after": 7.993605777301127e-15
  },
  "variance_scaling": {
    "scale": 1.452882306101898,
    "real_mean": 54.598244745894306,
    "synthetic_mean": 69.15416666666667,
    "mae_after": 4.200481223348989,
    "bias_after": 3.552713678800501e-15
  }
}