profile_id,leaf_id,n_real,real_score_0_100,real_left_right,real_trust_people,real_immigration_same_ethnicity,n_synthetic,left_right,trust_people,immigration_same_ethnicity,synthetic_score_0_100,score_diff,abs_score_diff,diff_left_right,diff_trust_people,diff_immigration_same_ethnicity
P01,3,34,46.764705882352935,0.4852941176470588,0.44705882352941173,0.47058823529411764,10,0.433,0.727,0.748,63.6,16.835294117647067,16.835294117647067,-0.052294117647058824,0.27994117647058825,0.27741176470588236
P02,4,33,48.82154882154882,0.47878787878787876,0.46060606060606063,0.5252525252525252,10,0.48600000000000004,0.693,0.722,63.366666666666674,14.545117845117858,14.545117845117858,0.007212121212121281,0.23239393939393932,0.19674747474747478
P03,6,54,49.11522633744856,0.4333333333333333,0.5462962962962963,0.49382716049382724,10,0.557,0.842,0.759,71.93333333333332,22.81810699588476,22.81810699588476,0.12366666666666676,0.2957037037037037,0.26517283950617276
P04,7,55,58.181818181818166,0.5018181818181818,0.6254545454545453,0.618181818181818,10,0.521,0.7979999999999999,0.73,68.3,10.118181818181831,10.118181818181831,0.01918181818181819,0.17254545454545467,0.11181818181818193
P05,10,58,53.08429118773946,0.4258620689655173,0.603448275862069,0.5632183908045977,10,0.536,0.859,0.787,72.73333333333333,19.649042145593874,19.649042145593874,0.11013793103448272,0.25555172413793104,0.22378160919540235
P06,11,62,59.08602150537633,0.48064516129032253,0.6145161290322579,0.6774193548387095,10,0.48900000000000005,0.898,0.792,72.63333333333334,13.54731182795701,13.54731182795701,0.008354838709677515,0.2834838709677421,0.11458064516129052
P07,13,128,58.29861111111111,0.49609375,0.6070312499999999,0.6458333333333334,10,0.48599999999999993,0.717,0.8150000000000001,67.26666666666667,8.968055555555559,8.968055555555559,-0.010093750000000068,0.10996875000000006,0.1691666666666667
P08,14,166,63.433734939759034,0.47168674698795177,0.7144578313253012,0.7168674698795181,10,0.5650000000000001,0.873,0.764,73.4,9.966265060240971,9.966265060240971,0.09331325301204829,0.15854216867469884,0.04713253012048191
