profile_id,n_synthetic,left_right,trust_people,immigration_same_ethnicity,synthetic_score_0_100
P01,10,0.433,0.727,0.748,63.6
P02,10,0.48600000000000004,0.693,0.722,63.366666666666674
P03,10,0.557,0.842,0.759,71.93333333333332
P04,10,0.521,0.7979999999999999,0.73,68.3
P05,10,0.536,0.859,0.787,72.73333333333333
P06,10,0.48900000000000005,0.898,0.792,72.63333333333334
P07,10,0.48599999999999993,0.717,0.8150000000000001,67.26666666666667
P08,10,0.5650000000000001,0.873,0.764,73.4
