{
  "n_profiles": 8,
  "score_metrics": {
    "mean_real_score": 54.598244745894306,
    "mean_synthetic_score": 59.9375,
    "score_bias": 5.339255254105699,
    "score_mae": 5.980675100156565,
    "score_rmse": 7.448036304593212,
    "dispersion_ratio": 0.4526917151644198,
    "pearson": 0.3847033010972215,
    "spearman": 0.30952380952380953
  },
  "item_metrics": {
    "left_right": {
      "mae": 0.07169015485378052,
      "bias": -0.07169015485378052,
      "pearson": -0.567702516570525,
      "spearman": -0.618589574131742
    },
    "trust_people": {
      "mae": 0.18014134848675728,
      "bias": 0.18014134848675728,
      "pearson": 0.6504043694323847,
      "spearman": 0.45509797952703834
    },
    "immigration_same_ethnicity": {
      "mae": 0.08175650350308439,
      "bias": 0.05172646399019412,
      "pearson": 0.28508541604433396,
      "spearman": 0.29940656547831473
    }
  },
  "pca_metrics": {
    "explained_variance_pc1_proxy": 0.6461462761743932,
    "real_pc1": [
      1.7802554618741147,
      1.3057217617371784,
      1.3261710608674582,
      -0.8583854483612333,
      0.4203971889505267,
      -1.0560236808055685,
      -0.8891479857619051,
      -2.028988358500577
    ],
    "synthetic_pc1": [
      -0.4363803226220992,
      -0.3696065326917322,
      -1.8115061163938264,
      -1.5339888507060873,
      -1.3887980257366657,
      -1.2311466661002752,
      -0.3548192670810274,
      -1.6946464175197802
    ],
    "pc1_pearson": 0.35253773204634176,
    "pc1_spearman": 0.07142857142857144,
    "pc1_bias": -1.102611524856436
  },
  "affine_recalibration": {
    "slope": 0.8498129923970345,
    "intercept": 3.6625785140970564,
    "mae_after": 4.744599629764943,
    "bias_after": 7.105427357601002e-15
  },
  "variance_scaling": {
    "scale": 2.209008838690134,
    "real_mean": 54.598244745894306,
    "synthetic_mean": 59.9375,
    "mae_after": 4.606554029990251,
    "bias_after": 3.552713678800501e-15
  }
}