profile_id,n_synthetic,left_right,trust_people,immigration_same_ethnicity,synthetic_score_0_100
P01,10,0.4,0.695,0.615,56.99999999999999
P02,10,0.4,0.6699999999999999,0.63,56.66666666666666
P03,10,0.41000000000000003,0.8150000000000001,0.6649999999999999,63.0
P04,10,0.4,0.795,0.6599999999999999,61.83333333333333
P05,10,0.41000000000000003,0.79,0.635,61.16666666666667
P06,10,0.38,0.805,0.635,60.66666666666667
P07,10,0.4,0.7,0.6,56.66666666666668
P08,10,0.4,0.79,0.6849999999999999,62.5
