{
  "n_profiles": 8,
  "score_metrics": {
    "mean_real_score": 54.598244745894306,
    "mean_synthetic_score": 66.74583333333334,
    "score_bias": 12.147588587439035,
    "score_mae": 12.147588587439035,
    "score_rmse": 12.962841480216769,
    "dispersion_ratio": 0.612973647892628,
    "pearson": 0.5917187293928418,
    "spearman": 0.5714285714285715
  },
  "item_metrics": {
    "left_right": {
      "mae": 0.0528900720775345,
      "bias": 0.008684845146219464,
      "pearson": -0.3248601195630549,
      "spearman": -0.4285714285714286
    },
    "trust_people": {
      "mae": 0.2146413484867572,
      "bias": 0.2146413484867572,
      "pearson": 0.6067528305068676,
      "spearman": 0.467074242146171
    },
    "immigration_same_ethnicity": {
      "mae": 0.14110146399019416,
      "bias": 0.14110146399019416,
      "pearson": 0.7524435776201561,
      "spearman": 0.7619047619047621
    }
  },
  "pca_metrics": {
    "explained_variance_pc1_proxy": 0.6461462761743932,
    "real_pc1": [
      1.7802554618741147,
      1.3057217617371784,
      1.3261710608674582,
      -0.8583854483612333,
      0.4203971889505267,
      -1.0560236808055685,
      -0.8891479857619051,
      -2.028988358500577
    ],
    "synthetic_pc1": [
      -1.512132106550738,
      -1.9446123076835478,
      -3.5142854507422294,
      -3.349402535430841,
      -2.963962805443413,
      -2.8321562989470297,
      -2.0390666909219703,
      -4.131172209123317
    ],
    "pc1_pearson": 0.5658223248199447,
    "pc1_spearman": 0.4523809523809524,
    "pc1_bias": -2.785848800605385
  },
  "affine_recalibration": {
    "slope": 0.9653249065879754,
    "intercept": -9.83317058174228,
    "mae_after": 3.916990245611408,
    "bias_after": -4.440892098500626e-15
  },
  "variance_scaling": {
    "scale": 1.6313915018010134,
    "real_mean": 54.598244745894306,
    "synthetic_mean": 66.74583333333334,
    "mae_after": 3.339522306768015,
    "bias_after": 2.6645352591003757e-15
  }
}