profile_id,leaf_id,n_real,real_score_0_100,real_left_right,real_trust_people,real_immigration_same_ethnicity,n_synthetic,left_right,trust_people,immigration_same_ethnicity,synthetic_score_0_100,score_diff,abs_score_diff,diff_left_right,diff_trust_people,diff_immigration_same_ethnicity
P01,3,34,46.764705882352935,0.4852941176470588,0.44705882352941173,0.47058823529411764,10,0.422,0.758,0.667,61.56666666666667,14.801960784313735,14.801960784313735,-0.06329411764705883,0.3109411764705883,0.1964117647058824
P02,4,33,48.82154882154882,0.47878787878787876,0.46060606060606063,0.5252525252525252,10,0.46799999999999997,0.6849999999999999,0.738,63.03333333333333,14.211784511784515,14.211784511784515,-0.01078787878787879,0.2243939393939393,0.2127474747474748
P03,6,54,49.11522633744856,0.4333333333333333,0.5462962962962963,0.49382716049382724,10,0.527,0.836,0.728,69.7,20.58477366255144,20.58477366255144,0.09366666666666673,0.2897037037037037,0.23417283950617274
P04,7,55,58.181818181818166,0.5018181818181818,0.6254545454545453,0.618181818181818,10,0.508,0.825,0.7390000000000001,69.06666666666666,10.884848484848497,10.884848484848497,0.006181818181818177,0.1995454545454547,0.12081818181818205
P05,10,58,53.08429118773946,0.4258620689655173,0.603448275862069,0.5632183908045977,10,0.48,0.825,0.722,67.56666666666668,14.482375478927217,14.482375478927217,0.05413793103448267,0.221551724137931,0.1587816091954023
P06,11,62,59.08602150537633,0.48064516129032253,0.6145161290322579,0.6774193548387095,10,0.429,0.8549999999999999,0.735,67.3,8.213978494623667,8.213978494623667,-0.05164516129032254,0.24048387096774193,0.05758064516129047
P07,13,128,58.29861111111111,0.49609375,0.6070312499999999,0.6458333333333334,10,0.445,0.717,0.746,63.6,5.301388888888894,5.301388888888894,-0.05109374999999999,0.10996875000000006,0.10016666666666663
P08,14,166,63.433734939759034,0.47168674698795177,0.7144578313253012,0.7168674698795181,10,0.5640000000000001,0.835,0.765,72.13333333333334,8.699598393574306,8.699598393574306,0.09231325301204829,0.1205421686746988,0.04813253012048191
