profile_id,n_synthetic,left_right,trust_people,immigration_same_ethnicity,synthetic_score_0_100
P01,10,0.422,0.758,0.667,61.56666666666667
P02,10,0.46799999999999997,0.6849999999999999,0.738,63.03333333333333
P03,10,0.527,0.836,0.728,69.7
P04,10,0.508,0.825,0.7390000000000001,69.06666666666666
P05,10,0.48,0.825,0.722,67.56666666666668
P06,10,0.429,0.8549999999999999,0.735,67.3
P07,10,0.445,0.717,0.746,63.6
P08,10,0.5640000000000001,0.835,0.765,72.13333333333334
