{
  "n_profiles": 8,
  "score_metrics": {
    "mean_real_score": 54.598244745894306,
    "mean_synthetic_score": 56.479166666666664,
    "score_bias": 1.880921920772364,
    "score_mae": 5.1688471431673175,
    "score_rmse": 5.535159398999502,
    "dispersion_ratio": 0.4181112069700618,
    "pearson": 0.3753997788857873,
    "spearman": 0.38324040381224284
  },
  "item_metrics": {
    "left_right": {
      "mae": 0.19294015485378055,
      "bias": -0.19294015485378055,
      "pearson": 0.4924447646904431,
      "spearman": 0.5269555552418339
    },
    "trust_people": {
      "mae": 0.22326634848675725,
      "bias": 0.22326634848675725,
      "pearson": 0.6009252706815548,
      "spearman": 0.261904761904762
    },
    "immigration_same_ethnicity": {
      "mae": 0.07113150350308442,
      "bias": 0.026101463990194113,
      "pearson": 0.5601619736815172,
      "spearman": 0.626551500525444
    }
  },
  "pca_metrics": {
    "explained_variance_pc1_proxy": 0.6461462761743932,
    "real_pc1": [
      1.7802554618741147,
      1.3057217617371784,
      1.3261710608674582,
      -0.8583854483612333,
      0.4203971889505267,
      -1.0560236808055685,
      -0.8891479857619051,
      -2.028988358500577
    ],
    "synthetic_pc1": [
      -0.022287003912707125,
      0.5056598064934285,
      -0.09803488340774844,
      -1.030780764341942,
      -0.5084425187062718,
      0.18208473987315554,
      0.45858010472705196,
      -0.550455318611033
    ],
    "pc1_pearson": 0.32285501814269607,
    "pc1_spearman": 0.19047619047619052,
    "pc1_bias": -0.1329594797357576
  },
  "affine_recalibration": {
    "slope": 0.8978467274441347,
    "intercept": 3.8886097854557846,
    "mae_after": 4.684173184744704,
    "bias_after": 1.0658141036401503e-14
  },
  "variance_scaling": {
    "scale": 2.3917081946851604,
    "real_mean": 54.598244745894306,
    "synthetic_mean": 56.479166666666664,
    "mae_after": 5.751542337855032,
    "bias_after": 7.105427357601002e-15
  }
}