profile_id,leaf_id,n_real,real_score_0_100,real_left_right,real_trust_people,real_immigration_same_ethnicity,n_synthetic,left_right,trust_people,immigration_same_ethnicity,synthetic_score_0_100,score_diff,abs_score_diff,diff_left_right,diff_trust_people,diff_immigration_same_ethnicity
P01,3,34,46.764705882352935,0.4852941176470588,0.44705882352941173,0.47058823529411764,10,0.38,0.69,0.59,55.33333333333332,8.568627450980387,8.568627450980387,-0.10529411764705882,0.24294117647058822,0.11941176470588233
P02,4,33,48.82154882154882,0.47878787878787876,0.46060606060606063,0.5252525252525252,10,0.32,0.6699999999999999,0.61,53.333333333333336,4.511784511784519,4.511784511784519,-0.15878787878787876,0.2093939393939393,0.0847474747474748
P03,6,54,49.11522633744856,0.4333333333333333,0.5462962962962963,0.49382716049382724,10,0.21000000000000002,0.8949999999999999,0.6,56.833333333333336,7.718106995884774,7.718106995884774,-0.22333333333333327,0.3487037037037036,0.10617283950617273
P04,7,55,58.181818181818166,0.5018181818181818,0.6254545454545453,0.618181818181818,10,0.3,0.8800000000000001,0.63,60.333333333333336,2.15151515151517,2.15151515151517,-0.20181818181818184,0.25454545454545485,0.01181818181818195
P05,10,58,53.08429118773946,0.4258620689655173,0.603448275862069,0.5632183908045977,10,0.25,0.8699999999999999,0.63,58.333333333333336,5.249042145593876,5.249042145593876,-0.17586206896551732,0.26655172413793093,0.06678160919540232
P06,11,62,59.08602150537633,0.48064516129032253,0.6145161290322579,0.6774193548387095,10,0.16,0.875,0.6399999999999999,55.83333333333332,-3.2526881720430083,3.2526881720430083,-0.3206451612903225,0.26048387096774206,-0.03741935483870962
P07,13,128,58.29861111111111,0.49609375,0.6070312499999999,0.6458333333333334,10,0.36,0.6599999999999999,0.58,53.333333333333336,-4.9652777777777715,4.9652777777777715,-0.13609375,0.05296875000000001,-0.06583333333333341
P08,14,166,63.433734939759034,0.47168674698795177,0.7144578313253012,0.7168674698795181,10,0.25,0.865,0.6399999999999999,58.5,-4.933734939759034,4.933734939759034,-0.22168674698795177,0.15054216867469883,-0.0768674698795182
