profile_id,n_synthetic,left_right,trust_people,immigration_same_ethnicity,synthetic_score_0_100
P01,10,0.38,0.69,0.59,55.33333333333332
P02,10,0.32,0.6699999999999999,0.61,53.333333333333336
P03,10,0.21000000000000002,0.8949999999999999,0.6,56.833333333333336
P04,10,0.3,0.8800000000000001,0.63,60.333333333333336
P05,10,0.25,0.8699999999999999,0.63,58.333333333333336
P06,10,0.16,0.875,0.6399999999999999,55.83333333333332
P07,10,0.36,0.6599999999999999,0.58,53.333333333333336
P08,10,0.25,0.865,0.6399999999999999,58.5
