{
  "n_profiles": 8,
  "score_metrics": {
    "mean_real_score": 54.598244745894306,
    "mean_synthetic_score": 66.22500000000001,
    "score_bias": 11.626755254105701,
    "score_mae": 11.626755254105701,
    "score_rmse": 12.644895327162184,
    "dispersion_ratio": 0.6526447056145704,
    "pearson": 0.4910114736969041,
    "spearman": 0.523809523809524
  },
  "item_metrics": {
    "left_right": {
      "mae": 0.02887421033511027,
      "bias": 0.01918484514621946,
      "pearson": -0.08238142440325368,
      "spearman": -0.14371515142959107
    },
    "trust_people": {
      "mae": 0.23789134848675728,
      "bias": 0.23789134848675728,
      "pearson": 0.6620410797585758,
      "spearman": 0.4047619047619048
    },
    "immigration_same_ethnicity": {
      "mae": 0.0954433314600737,
      "bias": 0.09172646399019416,
      "pearson": 0.3052539883708526,
      "spearman": 0.3333333333333334
    }
  },
  "pca_metrics": {
    "explained_variance_pc1_proxy": 0.6461462761743932,
    "real_pc1": [
      1.7802554618741147,
      1.3057217617371784,
      1.3261710608674582,
      -0.8583854483612333,
      0.4203971889505267,
      -1.0560236808055685,
      -0.8891479857619051,
      -2.028988358500577
    ],
    "synthetic_pc1": [
      -1.5515956763701961,
      -1.3036966257215834,
      -3.7012462285692322,
      -3.0040098039114405,
      -2.909911896983295,
      -3.437354974064293,
      -2.0970296180905246,
      -3.2900744312202908
    ],
    "pc1_pearson": 0.4741776153853754,
    "pc1_spearman": 0.3571428571428572,
    "pc1_bias": -2.6618649068663562
  },
  "affine_recalibration": {
    "slope": 0.7523411581720219,
    "intercept": 4.774451545952154,
    "mae_after": 4.192566711952531,
    "bias_after": 8.881784197001252e-16
  },
  "variance_scaling": {
    "scale": 1.5322272461527724,
    "real_mean": 54.598244745894306,
    "synthetic_mean": 66.22500000000001,
    "mae_after": 4.271133488433032,
    "bias_after": -5.329070518200751e-15
  }
}