profile_id,leaf_id,n_real,real_score_0_100,real_left_right,real_trust_people,real_immigration_same_ethnicity,n_synthetic,left_right,trust_people,immigration_same_ethnicity,synthetic_score_0_100,score_diff,abs_score_diff,diff_left_right,diff_trust_people,diff_immigration_same_ethnicity
P01,3,34,46.764705882352935,0.4852941176470588,0.44705882352941173,0.47058823529411764,10,0.46699999999999997,0.726,0.651,61.46666666666667,14.701960784313734,14.701960784313734,-0.01829411764705885,0.27894117647058825,0.18041176470588238
P02,4,33,48.82154882154882,0.47878787878787876,0.46060606060606063,0.5252525252525252,10,0.487,0.694,0.627,60.266666666666666,11.44511784511785,11.44511784511785,0.008212121212121226,0.23339393939393932,0.10174747474747481
P03,6,54,49.11522633744856,0.4333333333333333,0.5462962962962963,0.49382716049382724,10,0.52,0.875,0.7230000000000001,70.60000000000001,21.484773662551447,21.484773662551447,0.08666666666666673,0.3287037037037037,0.22917283950617284
P04,7,55,58.181818181818166,0.5018181818181818,0.6254545454545453,0.618181818181818,10,0.487,0.8550000000000001,0.6910000000000001,67.76666666666668,9.584848484848514,9.584848484848514,-0.014818181818181841,0.22954545454545483,0.072818181818182
P05,10,58,53.08429118773946,0.4258620689655173,0.603448275862069,0.5632183908045977,10,0.46900000000000003,0.8629999999999999,0.692,67.46666666666667,14.382375478927209,14.382375478927209,0.04313793103448271,0.25955172413793093,0.12878160919540227
P06,11,62,59.08602150537633,0.48064516129032253,0.6145161290322579,0.6774193548387095,10,0.475,0.913,0.705,69.76666666666667,10.680645161290336,10.680645161290336,-0.005645161290322553,0.2984838709677421,0.02758064516129044
P07,13,128,58.29861111111111,0.49609375,0.6070312499999999,0.6458333333333334,10,0.507,0.748,0.654,63.63333333333333,5.334722222222226,5.334722222222226,0.010906250000000006,0.1409687500000001,0.008166666666666655
P08,14,166,63.433734939759034,0.47168674698795177,0.7144578313253012,0.7168674698795181,10,0.515,0.8480000000000001,0.702,68.83333333333333,5.399598393574294,5.399598393574294,0.04331325301204825,0.13354216867469892,-0.014867469879518147
