profile_id,n_synthetic,left_right,trust_people,immigration_same_ethnicity,synthetic_score_0_100
P01,10,0.46699999999999997,0.726,0.651,61.46666666666667
P02,10,0.487,0.694,0.627,60.266666666666666
P03,10,0.52,0.875,0.7230000000000001,70.60000000000001
P04,10,0.487,0.8550000000000001,0.6910000000000001,67.76666666666668
P05,10,0.46900000000000003,0.8629999999999999,0.692,67.46666666666667
P06,10,0.475,0.913,0.705,69.76666666666667
P07,10,0.507,0.748,0.654,63.63333333333333
P08,10,0.515,0.8480000000000001,0.702,68.83333333333333
