{
  "n_samples": 500,
  "seed": 42,
  "fraction_BRM_B_gt_A": 1.0,
  "passed_90pct_threshold": true,
  "equal_weight": {
    "BRM_A": 0.6021221880517018,
    "BRM_B": 0.8545000003566198,
    "diff": 0.25237781230491796
  },
  "diff_stats": {
    "mean": 0.2553455518830569,
    "std": 0.04383630815328704,
    "min": 0.1421936116697825,
    "max": 0.36121748778733775,
    "q05": 0.18187290656527566,
    "q95": 0.32706277822095714
  },
  "weight_keys": [
    "jsd",
    "gini_gap",
    "coop_gap",
    "stability"
  ],
  "audit_row": "E.5",
  "provenance": "Sub-components loaded from analysis/paper_numbers.json with documented fallback to paper \u00a74.2 pilot values.",
  "certificate": {
    "vertex_deltas": {
      "jsd": 0.2245112492196717,
      "gini_gap": 0.2849999999999999,
      "coop_gap": 0.38,
      "stability": 0.11999999999999988
    },
    "delta_vector": [
      0.2245112492196717,
      0.2849999999999999,
      0.38,
      0.11999999999999988
    ],
    "min_delta": 0.11999999999999988,
    "argmin_vertex": "stability",
    "verdict": "ROBUST",
    "rule": "min_j \u0394_j > 0 \u21d2 ROBUST",
    "method": "exact LP-vertex enumeration (no sampling); Boyd & Vandenberghe 2004 \u00a74.2",
    "theorem": "docs/theorems.md Theorem 2",
    "audit_row": "E.5"
  }
}