{
  "n_samples": 500,
  "seed": 42,
  "fraction_BRM_B_gt_A": 1.0,
  "passed_90pct_threshold": true,
  "equal_weight": {
    "BRM_A": 0.6500304473410439,
    "BRM_B": 0.8851852821911954,
    "diff": 0.23515483485015154
  },
  "diff_stats": {
    "mean": 0.2381991453389476,
    "std": 0.048556560522041846,
    "min": 0.135689465092379,
    "max": 0.36106004837731664,
    "q05": 0.16475435729096619,
    "q95": 0.3205441669834431
  },
  "weight_keys": [
    "jsd",
    "gini_gap",
    "coop_gap",
    "stability"
  ],
  "audit_row": "E.5",
  "provenance": "Sub-components loaded from analysis/paper_numbers.json with documented fallback to paper \u00a74.2 pilot values."
}