condition_key,seeds,wealth_mean,wealth_mean_std,wealth_gini,wealth_gini_std,stress_mean,stress_mean_std,work_rate,work_rate_std,save_rate,save_rate_std,cooperation_rate,cooperation_rate_std
auditable_random_ess_persona,3,97.18333333333334,19.404209165367526,0.12414235736793063,0.036331315455544896,0.4599999999999998,0.8205028945713719,0.3046666666666667,0.030088757590391355,0.35800000000000004,0.05632051136131493,0.3373333333333333,0.05216640042530567
grounded_llm_ess_persona,3,87.08333333333333,2.2407216099581264,0.14743325205576494,0.024233744781064014,1.0533333333333335,0.23860706890897723,0.3,0.04358898943540674,0.19333333333333336,0.005773502691896261,0.5066666666666667,0.04618802153517011
grounded_llm_synth_persona,3,91.33333333333333,1.7559422921421233,0.12534215784461722,0.026948580406124203,1.1300000000000001,0.16370705543744896,0.31333333333333335,0.030550504633038916,0.18666666666666668,0.011547005383792528,0.5,0.039999999999999994
pure_llm_ess_persona,3,112.57333333333334,39.97669487755752,0.11022831068080381,0.04832300177309199,0.7536666666666667,0.32141924854204557,0.4246666666666667,0.18238786509341384,0.4633333333333334,0.34933269720043864,0.11199999999999999,0.168677206521806
pure_llm_synth_persona,3,94.0,0.5,0.06300106223447899,0.00899335653815806,1.16,0.05999999999999989,0.36000000000000004,0.010000000000000009,0.64,0.010000000000000009,0.0,0.0
