policy_type,n_runs,avg_wealth_mean,std_wealth_mean,avg_gini,min_wealth_mean,max_wealth_mean
llm,1,461.685,,0.39380075159470196,461.685,461.685
template,1,420.0,,0.18040476190476196,420.0,420.0
rule_based,1,358.9,,0.5620172750069656,358.9,358.9
random,1,418.6,,0.20082178690874342,418.6,418.6
