policy_type,n_runs,avg_wealth_mean,std_wealth_mean,avg_gini,min_wealth_mean,max_wealth_mean
ablated_llm,9,130.93333333333334,8.931965069345045,0.08065205796021663,118.4,140.4
rule_based,9,160.2888888888889,161.7264082056827,0.11261727366026568,76.0,545.2
random,9,169.2,163.1307221218615,0.14837729624796592,82.0,556.9
mock,10,151.85999999999999,154.78932061927847,0.10661870418897594,76.0,545.2
