policy_type,n_runs,avg_wealth_mean,std_wealth_mean,avg_gini,min_wealth_mean,max_wealth_mean
llm,1,457.665,,0.35614630788895796,457.665,457.665
template,1,420.0,,0.17978571428571422,420.0,420.0
rule_based,1,360.35,,0.5479644789787705,360.35,360.35
random,1,418.6,,0.2016149068322981,418.6,418.6
