policy_type,n_runs,avg_wealth_mean,std_wealth_mean,avg_gini,min_wealth_mean,max_wealth_mean
template,3,185.0,0.0,0.16563063063063055,185.0,185.0
rule_based,3,165.125,0.4330127018922193,0.32536059812798906,164.875,165.625
random,3,187.91666666666666,4.377380304855101,0.19683363829466738,183.625,192.375
