policy_type,n_runs,avg_wealth_mean,std_wealth_mean,avg_gini,min_wealth_mean,max_wealth_mean
llm,10,692.9742349999999,48.62843638488467,0.4622504991503057,554.8,714.82
template,10,609.25,192.10836785522903,0.1921405058043118,62.5,670.0
rule_based,10,561.115,172.56164526529835,0.45220548171669045,70.0,617.05
random,10,609.2841666666666,190.65635536293505,0.23044157985787006,66.66666666666667,669.575
