policy_type,n_runs,avg_wealth_mean,std_wealth_mean,avg_gini,min_wealth_mean,max_wealth_mean
llm,18,185.3638888888889,64.59166492748561,0.056777796233173264,102.9,250.4
ablated_llm,9,130.93333333333334,8.931965069345045,0.08065205796021663,118.4,140.4
template,8,123.0625,16.308274630645982,0.20263057082099223,106.0,147.5
rule_based,17,132.6235294117647,118.32838062681627,0.10355113746816119,76.0,545.2
random,17,145.98823529411766,118.29378619750564,0.12793184012093975,82.0,556.9
mock,10,151.85999999999999,154.78932061927847,0.10661870418897594,76.0,545.2
