policy_type,n_runs,avg_wealth_mean,std_wealth_mean,avg_gini,min_wealth_mean,max_wealth_mean
llm,18,185.3638888888889,64.59166492748561,0.056777796233173264,102.9,250.4
ablated_llm,9,130.93333333333334,8.931965069345045,0.08065205796021663,118.4,140.4
template,8,132.25,11.94331851466991,0.2814932099686783,112.0,147.5
rule_based,17,132.1235294117647,118.44112213148232,0.11550970468938491,76.0,545.2
random,17,149.16470588235296,117.7043326580232,0.13527965737570768,82.0,556.9
mock,10,151.85999999999999,154.78932061927847,0.10661870418897594,76.0,545.2
