policy_type,n_runs,avg_wealth_mean,std_wealth_mean,avg_gini,min_wealth_mean,max_wealth_mean
llm,5,212.4375,15.258880610975368,0.1825501156640265,195.7,229.7
template,5,153.86301375,9.45900379341069,0.3118397534818321,147.2618875,170.0118875
rule_based,5,109.875,2.605582948209479,0.17429249046640316,107.5,113.375
random,5,141.05,4.517846555605893,0.10916297871535319,136.0,145.875
