policy_type,n_runs,avg_wealth_mean,std_wealth_mean,avg_gini,min_wealth_mean,max_wealth_mean
template,3,160.0,0.0,0.17557291666666663,160.0,160.0
rule_based,3,156.04166666666666,0.07216878364870116,0.23429649702668112,156.0,156.125
random,3,166.75,0.0,0.2234882558720639,166.75,166.75
