policy_type,n_runs,avg_wealth_mean,std_wealth_mean,avg_gini,min_wealth_mean,max_wealth_mean
llm,6,204.375,32.33618329364182,0.19330023664744,162.5,241.15
ablated_llm,9,130.93333333333334,8.931965069345045,0.08065205796021663,118.4,140.4
template,3,134.33333333333334,1.2583057392117911,0.3037096395385351,133.0,135.5
rule_based,12,145.67499999999998,140.43972582894446,0.11325305564812166,76.0,545.2
random,12,160.98333333333332,139.93788124042968,0.1472989061675457,82.0,556.9
mock,10,151.85999999999999,154.78932061927847,0.10661870418897594,76.0,545.2
