policy_type,n_runs,avg_wealth_mean,std_wealth_mean,avg_gini,min_wealth_mean,max_wealth_mean
llm,6,204.25833333333333,56.33241000229501,0.11546353605367077,108.8,246.2
ablated_llm,9,130.93333333333334,8.931965069345045,0.08065205796021663,118.4,140.4
template,5,108.4,16.45600194457937,0.1540048788420882,86.0,132.0
rule_based,14,137.18571428571428,130.96368173683092,0.09185669851524092,76.0,545.2
random,14,149.34285714285716,131.09971961646784,0.1393155550402959,82.0,556.9
mock,10,151.85999999999999,154.78932061927847,0.10661870418897594,76.0,545.2
