{
  "bad_apple": {
    "sweep_values": [
      0.0,
      0.02,
      0.04,
      0.06,
      0.08,
      0.1,
      0.12,
      0.14,
      0.16,
      0.18,
      0.2,
      0.22,
      0.24,
      0.26,
      0.28,
      0.3,
      0.32,
      0.34,
      0.36,
      0.38,
      0.4
    ],
    "metrics": {
      "cooperation_rate": [
        0.35106666666666664,
        0.35292517006802715,
        0.35430555555555554,
        0.35546099290780137,
        0.3585507246376812,
        0.35844444444444445,
        0.3588636363636364,
        0.3602325581395348,
        0.3622222222222223,
        0.3608130081300813,
        0.3604166666666667,
        0.36085470085470084,
        0.3616666666666667,
        0.3614414414414414,
        0.3602777777777778,
        0.35923809523809525,
        0.3568627450980392,
        0.3543434343434343,
        0.3515625,
        0.3475268817204301,
        0.342
      ],
      "gini": [
        0.10105807857547026,
        0.11473070565920933,
        0.11726841983116673,
        0.1281521501040644,
        0.1337879674706613,
        0.14178588808899542,
        0.14703648115458184,
        0.15711783229541565,
        0.1609512973979786,
        0.16813040807690385,
        0.17885679508729532,
        0.18685400526729318,
        0.19664315962532158,
        0.20445829239803354,
        0.21193358466563228,
        0.22421888459932798,
        0.22252949782281428,
        0.2333062032845199,
        0.23817884887106894,
        0.2501742123158316,
        0.2566681712334224
      ],
      "mean_wealth": [
        179.535,
        178.89100000000002,
        177.33,
        175.626,
        174.544,
        173.18099999999998,
        173.049,
        171.974,
        169.37500000000003,
        167.588,
        167.22,
        166.991,
        165.656,
        165.67400000000004,
        166.12800000000001,
        168.849,
        165.517,
        168.723,
        167.81099999999998,
        172.519,
        172.68099999999998
      ]
    },
    "analysis": {
      "cooperation_rate": {
        "inflection_point": 0.038093629372010857,
        "steepness": 74.85021479821792,
        "r_squared": 0.10594409430381069,
        "is_transition": false,
        "fit_params": {
          "L": 0.006274797880975587,
          "k": 74.85021479821792,
          "x0": 0.038093629372010857,
          "b": 0.3510713043380432
        }
      },
      "gini": {
        "inflection_point": 0.209113013026935,
        "steepness": 5.222008359090527,
        "r_squared": 0.9972281877984573,
        "is_transition": true,
        "fit_params": {
          "L": 0.3112201853148181,
          "k": 5.222008359090527,
          "x0": 0.209113013026935,
          "b": 0.02746804386937582
        }
      },
      "mean_wealth": {
        "inflection_point": 0.09488310683075127,
        "steepness": -29.635255603972627,
        "r_squared": 0.8087899264475686,
        "is_transition": true,
        "fit_params": {
          "L": 11.710886706971106,
          "k": -29.635255603972627,
          "x0": 0.09488310683075127,
          "b": 167.93324328317024
        }
      }
    }
  },
  "shock": {
    "sweep_values": [
      0.0,
      0.1,
      0.2,
      0.3,
      0.4,
      0.5,
      0.6,
      0.7,
      0.8,
      0.9,
      1.0
    ],
    "metrics": {
      "cooperation_rate": [
        0.35106666666666664,
        0.3509333333333333,
        0.3504666666666667,
        0.3499333333333333,
        0.3474666666666667,
        0.3426666666666667,
        0.3302,
        0.31599999999999995,
        0.2996,
        0.28193333333333337,
        0.26639999999999997
      ],
      "gini": [
        0.10105807857547026,
        0.11883091518725167,
        0.13461747647887518,
        0.14558231361857316,
        0.14800956713317182,
        0.13957060299592455,
        0.12965972902349843,
        0.12134719390264012,
        0.11255040094678273,
        0.10449877136050079,
        0.0948001514335767
      ],
      "mean_wealth": [
        179.535,
        171.1123,
        160.69819999999999,
        148.6763,
        136.01100000000002,
        124.70149999999998,
        117.23360000000002,
        112.59470000000002,
        107.5568,
        103.04189999999998,
        96.743
      ]
    },
    "analysis": {
      "cooperation_rate": {
        "inflection_point": 0.7954594168652485,
        "steepness": -7.192394658116358,
        "r_squared": 0.9989476860425031,
        "is_transition": true,
        "fit_params": {
          "L": 0.10472443792457649,
          "k": -7.192394658116358,
          "x0": 0.7954594168652485,
          "b": 0.2474739895369863
        }
      },
      "gini": {
        "inflection_point": 0.802134580877301,
        "steepness": -14.231943469345408,
        "r_squared": 0.5009889000535297,
        "is_transition": false,
        "fit_params": {
          "L": 0.03662564021459783,
          "k": -14.231943469345408,
          "x0": 0.802134580877301,
          "b": 0.0944648226966116
        }
      },
      "mean_wealth": {
        "inflection_point": 0.27063269441716764,
        "steepness": -3.9785630882172422,
        "r_squared": 0.9976252977302816,
        "is_transition": true,
        "fit_params": {
          "L": 116.91024414050713,
          "k": -3.9785630882172422,
          "x0": 0.27063269441716764,
          "b": 93.07949431258778
        }
      }
    }
  },
  "beta": {
    "sweep_values": [
      0.0,
      0.1,
      0.2,
      0.3,
      0.4,
      0.5,
      0.6,
      0.7,
      0.8,
      0.9,
      1.0
    ],
    "metrics": {
      "cooperation_rate": [
        0.35106666666666664,
        0.3282,
        0.3057333333333333,
        0.2803333333333333,
        0.2574666666666667,
        0.2312,
        0.20553333333333335,
        0.1805333333333333,
        0.15613333333333335,
        0.13573333333333332,
        0.11686666666666667
      ],
      "gini": [
        0.10105807857547026,
        0.09051390601838638,
        0.08451648433630096,
        0.07851462091654335,
        0.07293922300184033,
        0.07236326140099476,
        0.07324385093386768,
        0.07327531977715149,
        0.07286210329806075,
        0.07260746771869013,
        0.07418334864963883
      ],
      "mean_wealth": [
        179.535,
        183.83800000000002,
        187.986,
        191.64899999999997,
        195.00300000000001,
        199.407,
        203.546,
        208.635,
        213.253,
        218.58199999999997,
        223.13899999999998
      ]
    },
    "analysis": {
      "cooperation_rate": {
        "inflection_point": 0.4575023622835668,
        "steepness": -2.1968866627403147,
        "r_squared": 0.9998931647412476,
        "is_transition": false,
        "fit_params": {
          "L": 0.46839999999926807,
          "k": -2.1968866627403147,
          "x0": 0.4575023622835668,
          "b": 0.007282858286471935
        }
      },
      "gini": {
        "inflection_point": 0.089541787792233,
        "steepness": -9.391726171217728,
        "r_squared": 0.9872903017091412,
        "is_transition": true,
        "fit_params": {
          "L": 0.03994772826478952,
          "k": -9.391726171217728,
          "x0": 0.089541787792233,
          "b": 0.07276768783656197
        }
      },
      "mean_wealth": {
        "inflection_point": 0.690055786817423,
        "steepness": 2.188934766545939,
        "r_squared": 0.9982768755853688,
        "is_transition": false,
        "fit_params": {
          "L": 87.20799999999996,
          "k": 2.188934766545939,
          "x0": 0.690055786817423,
          "b": 164.84804276651698
        }
      }
    }
  }
}