policy_type,n_runs,wealth_mean_avg,wealth_mean_std,wealth_gini_avg,wealth_gini_std,stress_mean_avg,stress_mean_std
mock,6,79.66666666666667,8.981462390204987,0.05474400286430359,0.005174360716942696,0.5600000000000002,1.0777754868245986
random,5,84.0,1.9999999999999996,0.09013153985360463,0.03366325480307346,1.2,0.24576411454889005
rule_based,5,76.0,0.0,0.05263157894736836,0.0,0.12000000000000002,0.0
