policy_type,n_experiments,avg_wealth_mean,std_wealth_mean,avg_gini,avg_stress_mean
llm,6,204.25833333333333,56.33241000229501,0.11546353605367077,7.245
mock,10,151.85999999999999,154.78932061927847,0.10661870418897594,0.005800000000000002
random,14,149.34285714285716,131.09971961646784,0.1393155550402959,1.2064285714285714
rule_based,14,137.18571428571428,130.96368173683092,0.09185669851524092,-0.253
ablated_llm,9,130.93333333333334,8.931965069345045,0.08065205796021663,2.8733333333333335
template,5,108.4,16.45600194457937,0.1540048788420882,0.908
