policy_type,n_experiments,avg_wealth_mean,std_wealth_mean,avg_gini,avg_stress_mean
llm,18,185.3638888888889,64.59166492748561,0.056777796233173264,5.663333333333334
mock,10,151.85999999999999,154.78932061927847,0.10661870418897594,0.005800000000000002
random,17,149.16470588235296,117.7043326580232,0.13527965737570768,1.118235294117647
template,8,132.25,11.94331851466991,0.2814932099686783,1.5793749999999998
rule_based,17,132.1235294117647,118.44112213148232,0.11550970468938491,-0.5101176470588236
ablated_llm,9,130.93333333333334,8.931965069345045,0.08065205796021663,2.8733333333333335
