policy_type,n_experiments,avg_wealth_mean,std_wealth_mean,avg_gini,avg_stress_mean
random,3,166.75,0.0,0.2234882558720639,-0.21750000000000003
template,3,160.0,0.0,0.17557291666666663,-0.45
rule_based,3,156.04166666666666,0.07216878364870116,0.23429649702668112,-0.5633333333333334
