policy_type,n_experiments,avg_wealth_mean,std_wealth_mean,avg_gini,avg_stress_mean
llm,18,185.3638888888889,64.59166492748561,0.056777796233173264,5.663333333333334
mock,10,151.85999999999999,154.78932061927847,0.10661870418897594,0.005800000000000002
random,17,145.98823529411766,118.29378619750564,0.12793184012093975,1.1985294117647058
rule_based,17,132.6235294117647,118.32838062681627,0.10355113746816119,-0.39658823529411763
ablated_llm,9,130.93333333333334,8.931965069345045,0.08065205796021663,2.8733333333333335
template,8,123.0625,16.308274630645982,0.20263057082099223,1.764375
