policy_type,n_experiments,avg_wealth_mean,std_wealth_mean,avg_gini,avg_stress_mean
llm,11,233.0590909090909,25.359316021748484,0.08152118931273393,9.16
mock,10,151.85999999999999,154.78932061927847,0.10661870418897594,0.005800000000000002
random,17,151.84117647058824,116.95697424065575,0.1292676352472759,1.749411764705882
template,8,131.9375,20.506858608767942,0.2966739195296929,2.5981249999999996
ablated_llm,9,130.93333333333334,8.931965069345045,0.08065205796021663,2.8733333333333335
rule_based,17,130.91764705882352,118.87687556508898,0.10230102438740768,-0.7709999999999999
