policy_type,n_experiments,avg_wealth_mean,std_wealth_mean,avg_gini,avg_stress_mean
llm,10,692.9742349999999,48.62843638488467,0.4622504991503057,-0.85795
random,10,609.2841666666666,190.65635536293505,0.23044157985787006,-0.7075499999999999
template,10,609.25,192.10836785522903,0.1921405058043118,-0.7949999999999997
rule_based,10,561.115,172.56164526529835,0.45220548171669045,-0.905
