policy_type,n_experiments,avg_wealth_mean,std_wealth_mean,avg_gini,avg_stress_mean
llm,1,461.685,,0.39380075159470196,-0.617
template,1,420.0,,0.18040476190476196,-0.85
random,1,418.6,,0.20082178690874342,-0.7509999999999999
rule_based,1,358.9,,0.5620172750069656,-1.0
