policy_type,n_experiments,avg_wealth_mean,std_wealth_mean,avg_gini,avg_stress_mean
random,3,187.91666666666666,4.377380304855101,0.19683363829466738,-0.4266666666666667
template,3,185.0,0.0,0.16563063063063055,-0.5500000000000002
rule_based,3,165.125,0.4330127018922193,0.32536059812798906,-0.9808333333333333
