policy_type,n_experiments,avg_wealth_mean,std_wealth_mean,avg_gini,avg_stress_mean
rule_based,3,70.0,0.0,0.0,-0.05000000000000002
random,3,68.8888888888889,3.154949081000149,0.06610969206754651,-0.07777777777777779
template,3,62.5,0.0,0.10370370370370385,-0.30000000000000004
