policy_type,n_experiments,avg_wealth_mean,std_wealth_mean,avg_gini,avg_stress_mean
random,9,169.2,163.1307221218615,0.14837729624796592,1.0855555555555556
rule_based,9,160.2888888888889,161.7264082056827,0.11261727366026568,-0.006888888888888889
mock,10,151.85999999999999,154.78932061927847,0.10661870418897594,0.005800000000000002
ablated_llm,9,130.93333333333334,8.931965069345045,0.08065205796021663,2.8733333333333335
