policy_type,n_experiments,avg_wealth_mean,std_wealth_mean,avg_gini,avg_stress_mean
llm,6,204.375,32.33618329364182,0.19330023664744,6.946666666666666
random,12,160.98333333333332,139.93788124042968,0.1472989061675457,1.4420833333333334
mock,10,151.85999999999999,154.78932061927847,0.10661870418897594,0.005800000000000002
rule_based,12,145.67499999999998,140.43972582894446,0.11325305564812166,-0.40266666666666656
template,3,134.33333333333334,1.2583057392117911,0.3037096395385351,2.3350000000000004
ablated_llm,9,130.93333333333334,8.931965069345045,0.08065205796021663,2.8733333333333335
