policy_type,cv_wealth,cv_gini
random,0.023294263263087013,0.10095678827477478
template,0.0,0.05487125829913659
rule_based,0.002622332789657649,0.03229546632314508
