policy_type,cv_wealth,cv_gini
random,0.0989476919115735,0.12399372936685715
rule_based,0.023111797931320333,0.2139317836631632
template,0.09030864661376113,0.2620774835159554
llm,0.047401725381149167,0.6757368648768356
