policy_type,cv_wealth,cv_gini
random,0.08326366956278258,0.4362283361681776
llm,0.047401725381149167,0.6757368648768356
rule_based,0.044762966625726236,0.4714128077367728
template,0.13252026109209533,0.5617963387847881
