policy_type,cv_wealth,cv_gini
random,0.04579764795000216,0.5424679843690746
template,0.0,0.3464101615137747
rule_based,0.0,
