policy_type,cv_wealth,cv_gini
llm,0.07182762276422651,0.32532118375402885
rule_based,0.023714065512714256,0.15667286851335233
template,0.06147678745445534,0.19439390559971687
random,0.03203010673949588,0.10485930046197245
