{
  "n_profiles": 8,
  "score_metrics": {
    "mean_real_score": 54.598244745894306,
    "mean_synthetic_score": 66.39166666666668,
    "score_bias": 11.793421920772367,
    "score_mae": 11.793421920772367,
    "score_rmse": 12.662277304760014,
    "dispersion_ratio": 0.5775193281439112,
    "pearson": 0.5701289371876476,
    "spearman": 0.5476190476190477
  },
  "item_metrics": {
    "left_right": {
      "mae": 0.056969617532079936,
      "bias": -0.0019401548537805458,
      "pearson": -0.7403458265112103,
      "spearman": -0.5714285714285715
    },
    "trust_people": {
      "mae": 0.20451634848675726,
      "bias": 0.20451634848675726,
      "pearson": 0.7628351353639593,
      "spearman": 0.5952380952380953
    },
    "immigration_same_ethnicity": {
      "mae": 0.15122646399019415,
      "bias": 0.15122646399019415,
      "pearson": 0.648785537711586,
      "spearman": 0.6190476190476191
    }
  },
  "pca_metrics": {
    "explained_variance_pc1_proxy": 0.6461462761743932,
    "real_pc1": [
      1.7802554618741147,
      1.3057217617371784,
      1.3261710608674582,
      -0.8583854483612333,
      0.4203971889505267,
      -1.0560236808055685,
      -0.8891479857619051,
      -2.028988358500577
    ],
    "synthetic_pc1": [
      -1.616377256536306,
      -1.5767783287668324,
      -3.3402904014326573,
      -2.884081020474179,
      -3.3703951540507484,
      -2.7037115527096045,
      -2.221748912999393,
      -3.851442996092358
    ],
    "pc1_pearson": 0.5328680925689453,
    "pc1_spearman": 0.4285714285714286,
    "pc1_bias": -2.695603202882759
  },
  "affine_recalibration": {
    "slope": 0.9872032145140223,
    "intercept": -10.943822004382497,
    "mae_after": 4.197505247924966,
    "bias_after": -8.881784197001252e-16
  },
  "variance_scaling": {
    "scale": 1.7315437791734158,
    "real_mean": 54.598244745894306,
    "synthetic_mean": 66.39166666666668,
    "mae_after": 4.065182796294591,
    "bias_after": -1.5987211554602254e-14
  }
}