profile_id,leaf_id,n_real,real_score_0_100,real_left_right,real_trust_people,real_immigration_same_ethnicity,n_synthetic,left_right,trust_people,immigration_same_ethnicity,synthetic_score_0_100,score_diff,abs_score_diff,diff_left_right,diff_trust_people,diff_immigration_same_ethnicity
P01,3,34,46.764705882352935,0.4852941176470588,0.44705882352941173,0.47058823529411764,10,0.437,0.7230000000000001,0.696,61.86666666666667,15.101960784313732,15.101960784313732,-0.04829411764705882,0.27594117647058836,0.2254117647058823
P02,4,33,48.82154882154882,0.47878787878787876,0.46060606060606063,0.5252525252525252,10,0.429,0.706,0.716,61.7,12.878451178451186,12.878451178451186,-0.04978787878787877,0.24539393939393933,0.19074747474747478
P03,6,54,49.11522633744856,0.4333333333333333,0.5462962962962963,0.49382716049382724,10,0.52,0.821,0.728,68.96666666666667,19.851440329218107,19.851440329218107,0.08666666666666673,0.27470370370370367,0.23417283950617274
P04,7,55,58.181818181818166,0.5018181818181818,0.6254545454545453,0.618181818181818,10,0.446,0.7859999999999999,0.787,67.30000000000001,9.118181818181846,9.118181818181846,-0.05581818181818182,0.16054545454545466,0.16881818181818198
P05,10,58,53.08429118773946,0.4258620689655173,0.603448275862069,0.5632183908045977,10,0.504,0.8219999999999998,0.749,69.16666666666666,16.082375478927197,16.082375478927197,0.07813793103448269,0.2185517241379309,0.18578160919540232
P06,11,62,59.08602150537633,0.48064516129032253,0.6145161290322579,0.6774193548387095,10,0.454,0.8160000000000001,0.7270000000000001,66.56666666666668,7.480645161290347,7.480645161290347,-0.026645161290322517,0.20148387096774212,0.04958064516129057
P07,13,128,58.29861111111111,0.49609375,0.6070312499999999,0.6458333333333334,10,0.441,0.7390000000000001,0.753,64.43333333333334,6.13472222222223,6.13472222222223,-0.05509375,0.1319687500000002,0.10716666666666663
P08,14,166,63.433734939759034,0.47168674698795177,0.7144578313253012,0.7168674698795181,10,0.5269999999999999,0.842,0.765,71.13333333333333,7.699598393574291,7.699598393574291,0.05531325301204815,0.1275421686746988,0.04813253012048191
