profile_id,n_synthetic,left_right,trust_people,immigration_same_ethnicity,synthetic_score_0_100
P01,10,0.437,0.7230000000000001,0.696,61.86666666666667
P02,10,0.429,0.706,0.716,61.7
P03,10,0.52,0.821,0.728,68.96666666666667
P04,10,0.446,0.7859999999999999,0.787,67.30000000000001
P05,10,0.504,0.8219999999999998,0.749,69.16666666666666
P06,10,0.454,0.8160000000000001,0.7270000000000001,66.56666666666668
P07,10,0.441,0.7390000000000001,0.753,64.43333333333334
P08,10,0.5269999999999999,0.842,0.765,71.13333333333333
