{
  "status": "complete",
  "experiment": {
    "condition": "D",
    "policy": "rule_based_ess",
    "population_size": 500,
    "rounds": 30,
    "seeds_requested": [
      1,
      2,
      3,
      4,
      5,
      6,
      7,
      8,
      9,
      10
    ],
    "seeds_found": [
      1,
      2,
      3,
      4,
      5,
      6,
      7,
      8,
      9,
      10
    ],
    "source_dirs": [
      "mx_D_n500_s1",
      "mx_D_n500_s2",
      "mx_D_n500_s3",
      "mx_D_n500_s4",
      "mx_D_n500_s5",
      "mx_D_n500_s6",
      "mx_D_n500_s7",
      "mx_D_n500_s8",
      "mx_D_n500_s9",
      "mx_D_n500_s10"
    ]
  },
  "per_metric": {
    "coop_rate": {
      "mean": 0.3855333333333334,
      "sd": 5.851389114294502e-17,
      "n": 10,
      "ci95": [
        0.3855333333333334,
        0.3855333333333334
      ],
      "per_seed": {
        "1": 0.38553333333333334,
        "2": 0.38553333333333334,
        "3": 0.38553333333333334,
        "4": 0.38553333333333334,
        "5": 0.38553333333333334,
        "6": 0.38553333333333334,
        "7": 0.38553333333333334,
        "8": 0.38553333333333334,
        "9": 0.38553333333333334,
        "10": 0.38553333333333334
      }
    },
    "gini": {
      "mean": 0.32467798383244323,
      "sd": 0.00048396734631905495,
      "n": 10,
      "ci95": [
        0.32442346841678016,
        0.3249991202286633
      ],
      "per_seed": {
        "1": 0.3243407306070176,
        "2": 0.32468705610316895,
        "3": 0.3253262340819827,
        "4": 0.3240437516612731,
        "5": 0.3248128202888152,
        "6": 0.3240865107408859,
        "7": 0.32555769520307964,
        "8": 0.3247488043480282,
        "9": 0.3245223990735904,
        "10": 0.32465383621659094
      }
    },
    "b_rlhf": {
      "mean": 0.10566666666666666,
      "sd": 1.4628472785736255e-17,
      "n": 10,
      "ci95": [
        0.10566666666666666,
        0.10566666666666666
      ],
      "per_seed": {
        "1": 0.10566666666666667,
        "2": 0.10566666666666667,
        "3": 0.10566666666666667,
        "4": 0.10566666666666667,
        "5": 0.10566666666666667,
        "6": 0.10566666666666667,
        "7": 0.10566666666666667,
        "8": 0.10566666666666667,
        "9": 0.10566666666666667,
        "10": 0.10566666666666667
      }
    }
  },
  "note": "Deterministic non-LLM ESS baseline (no GPU). Identical action counts across seeds collapse coop_rate/B_RLHF CIs to a point (expected for a deterministic policy); only Gini varies with the ESS population draw. Not directly comparable to the cross-model Table 3 (different N/T, no within-D A/B baseline).",
  "markdown_row": "| Rule-Based ESS | D | 0.386 [0.386, 0.386] | 0.325 [0.324, 0.325] | 0.106 [0.106, 0.106] | \u2014 |"
}