{
  "n_profiles": 8,
  "score_metrics": {
    "mean_real_score": 54.598244745894306,
    "mean_synthetic_score": 70.01666666666668,
    "score_bias": 15.41842192077237,
    "score_mae": 15.41842192077237,
    "score_rmse": 16.034831895483247,
    "dispersion_ratio": 0.6908786941132486,
    "pearson": 0.6234123976489063,
    "spearman": 0.6428571428571429
  },
  "item_metrics": {
    "left_right": {
      "mae": 0.05397878175495387,
      "bias": 0.04043484514621945,
      "pearson": -0.0734500367938036,
      "spearman": -0.023809523809523815
    },
    "trust_people": {
      "mae": 0.22714134848675727,
      "bias": 0.22714134848675727,
      "pearson": 0.6232331304017624,
      "spearman": 0.3571428571428572
    },
    "immigration_same_ethnicity": {
      "mae": 0.19497646399019417,
      "bias": 0.19497646399019417,
      "pearson": 0.4971803194133496,
      "spearman": 0.38095238095238104
    }
  },
  "pca_metrics": {
    "explained_variance_pc1_proxy": 0.6461462761743932,
    "real_pc1": [
      1.7802554618741147,
      1.3057217617371784,
      1.3261710608674582,
      -0.8583854483612333,
      0.4203971889505267,
      -1.0560236808055685,
      -0.8891479857619051,
      -2.028988358500577
    ],
    "synthetic_pc1": [
      -2.4023773489639226,
      -1.9294666476845646,
      -4.423333319562903,
      -3.9944518917582044,
      -3.9469408574867693,
      -3.9825285668033645,
      -3.2650876431938154,
      -4.770045772928443
    ],
    "pc1_pearson": 0.6133878001672888,
    "pc1_spearman": 0.4761904761904762,
    "pc1_bias": -3.5892790060477475
  },
  "affine_recalibration": {
    "slope": 0.9023471167381469,
    "intercept": -8.58109254438829,
    "mae_after": 3.7790635209439225,
    "bias_after": 8.881784197001252e-16
  },
  "variance_scaling": {
    "scale": 1.4474321013524847,
    "real_mean": 54.598244745894306,
    "synthetic_mean": 70.01666666666668,
    "mae_after": 3.8222160822258937,
    "bias_after": -9.769962616701378e-15
  }
}