profile_id,leaf_id,n_real,real_score_0_100,real_left_right,real_trust_people,real_immigration_same_ethnicity,n_synthetic,left_right,trust_people,immigration_same_ethnicity,synthetic_score_0_100,score_diff,abs_score_diff,diff_left_right,diff_trust_people,diff_immigration_same_ethnicity
P01,3,34,46.764705882352935,0.4852941176470588,0.44705882352941173,0.47058823529411764,10,0.45199999999999996,0.717,0.784,65.10000000000001,18.335294117647074,18.335294117647074,-0.03329411764705886,0.26994117647058824,0.3134117647058824
P02,4,33,48.82154882154882,0.47878787878787876,0.46060606060606063,0.5252525252525252,10,0.471,0.674,0.743,62.93333333333333,14.111784511784514,14.111784511784514,-0.007787878787878788,0.2133939393939394,0.2177474747474748
P03,6,54,49.11522633744856,0.4333333333333333,0.5462962962962963,0.49382716049382724,10,0.5549999999999999,0.897,0.754,73.53333333333333,24.41810699588477,24.41810699588477,0.12166666666666665,0.35070370370370374,0.26017283950617276
P04,7,55,58.181818181818166,0.5018181818181818,0.6254545454545453,0.618181818181818,10,0.575,0.8310000000000001,0.7390000000000001,71.50000000000001,13.318181818181849,13.318181818181849,0.07318181818181813,0.2055454545454548,0.12081818181818205
P05,10,58,53.08429118773946,0.4258620689655173,0.603448275862069,0.5632183908045977,10,0.49000000000000005,0.858,0.804,71.73333333333333,18.649042145593874,18.649042145593874,0.06413793103448273,0.25455172413793103,0.24078160919540237
P06,11,62,59.08602150537633,0.48064516129032253,0.6145161290322579,0.6774193548387095,10,0.497,0.881,0.779,71.89999999999999,12.813978494623662,12.813978494623662,0.016354838709677466,0.26648387096774206,0.1015806451612905
P07,13,128,58.29861111111111,0.49609375,0.6070312499999999,0.6458333333333334,10,0.483,0.734,0.842,68.63333333333334,10.334722222222233,10.334722222222233,-0.013093750000000015,0.12696875000000007,0.1961666666666666
P08,14,166,63.433734939759034,0.47168674698795177,0.7144578313253012,0.7168674698795181,10,0.5740000000000001,0.844,0.826,74.80000000000001,11.366265060240977,11.366265060240977,0.1023132530120483,0.1295421686746988,0.10913253012048185
