profile_id,n_synthetic,left_right,trust_people,immigration_same_ethnicity,synthetic_score_0_100
P01,10,0.45199999999999996,0.717,0.784,65.10000000000001
P02,10,0.471,0.674,0.743,62.93333333333333
P03,10,0.5549999999999999,0.897,0.754,73.53333333333333
P04,10,0.575,0.8310000000000001,0.7390000000000001,71.50000000000001
P05,10,0.49000000000000005,0.858,0.804,71.73333333333333
P06,10,0.497,0.881,0.779,71.89999999999999
P07,10,0.483,0.734,0.842,68.63333333333334
P08,10,0.5740000000000001,0.844,0.826,74.80000000000001
